LineId,Content,EventId,EventTemplate,dup_count,normalized_content,normalized_unique_content_count,cluster_id,cluster_size_unique,cluster_weight_dup_sum,cluster_template_guess,cluster_keep_k,selected_rank,selection_reason
1,1 failed to configure resourcemgmt subsystem err = 10,E29,<*> failed to configure resourcemgmt subsystem err = <*>,50,<num> failed to configure resourcemgmt subsystem err = <num>,1,HPC_C0000001,1,50,<num> failed to configure resourcemgmt subsystem err = <num>,1,1,frequency_representative
1653,wait (command 1949),E58,wait (command <*>),12982,wait (command <num> ),1315,HPC_C0000002,1315,12982,wait (command <num>),1,1,frequency_representative
1644,boot (command 1949),E57,boot (command <*>),13414,boot (command <num> ),1362,HPC_C0000003,1362,13414,boot (command <num>),1,1,frequency_representative
15155,halt (command 2988),E56,halt (command <*>),616,halt (command <num> ),117,HPC_C0000004,117,616,halt (command <num>),1,1,frequency_representative
227,clusterAddMember (command 1899),E38,clusterAddMember (command <*>),264,clusteraddmember (command <num> ),24,HPC_C0000005,24,264,clusteraddmember (command <num>),1,1,frequency_representative
260,risBoot (command 1899),E49,risBoot (command <*>),268,risboot (command <num> ),25,HPC_C0000006,25,268,risboot (command <num>),1,1,frequency_representative
267,bootGenvmunix (command 1899),E41,bootGenvmunix (command <*>),262,bootgenvmunix (command <num> ),24,HPC_C0000007,24,262,bootgenvmunix (command <num>),1,1,frequency_representative
880,member_delete (command 1908),E42,member_delete (command <*>),15,member_delete (command <num> ),15,HPC_C0000008,15,15,member_delete (command <num>),1,1,frequency_representative
1627,haltcluster (command 1947),E45,haltcluster (command <*>),44,haltcluster (command <num> ),43,HPC_C0000009,43,44,haltcluster (command <num>),1,1,frequency_representative
27869,Command has completed successfully,E33,Command has completed successfully,1741,command has completed successfully,1,HPC_C0000010,1,1741,command has completed successfully,1,1,frequency_representative
30214,Targeting domains:node-D2 and nodes:node-90,E37,Targeting domains:<*> and nodes:<*>,573,targeting domains: <id> and <id>,202,HPC_C0000011,202,573,targeting domains: <id> and <id>,1,1,frequency_representative
29685,Targeting domains:node-D0 and nodes:node-[0-31],E37,Targeting domains:<*> and nodes:<*>,128,targeting domains: <id> and nodes:node-[ <num> - <num> ],59,HPC_C0000012,68,137,targeting domains: <id> and nodes: node-[<num> <*> <num>],2,1,frequency_representative
29782,Targeting domains:node-D6 and nodes:node-[205\ 216],E37,Targeting domains:<*> and nodes:<*>,9,targeting domains: <id> and nodes:node-[ <num> \ <num> ],9,HPC_C0000012,68,137,targeting domains: <id> and nodes: node-[<num> <*> <num>],2,2,complex_sample
29622,Targeting domains:node-D7 and nodes:node-[232-233\ 244-245] child of command 1885,E37,Targeting domains:<*> and nodes:<*>,4,targeting domains: <id> and nodes:node-[ <num> - <num> \ <num> - <num> ] child of command <num>,4,HPC_C0000013,4,4,targeting domains: <id> and nodes: node-[<num>-<num> \ <num>-<num>] child of command <num>,1,1,frequency_representative
29623,Targeting domains:node-D7 and nodes:node-[232-233\ 244-245],E37,Targeting domains:<*> and nodes:<*>,4,targeting domains: <id> and nodes:node-[ <num> - <num> \ <num> - <num> ],4,HPC_C0000014,7,7,targeting domains: <id> and nodes: node-[<num> <*> <num> \ <num> <*> <num>],2,1,frequency_representative
30634,Targeting domains:node-D1 and nodes:node-[52-53\ 55\ 58],E37,Targeting domains:<*> and nodes:<*>,1,targeting domains: <id> and nodes:node-[ <num> - <num> \ <num> \ <num> ],1,HPC_C0000014,7,7,targeting domains: <id> and nodes: node-[<num> <*> <num> \ <num> <*> <num>],2,2,complex_sample
29687,Targeting domains:node-D0 and nodes:node-[8-31] child of command 1948,E37,Targeting domains:<*> and nodes:<*>,1187,targeting domains: <id> and nodes:node-[ <num> - <num> ] child of command <num>,1161,HPC_C0000015,1168,1194,targeting domains: <id> and nodes: node-[<num> <*> <num>] child of command <num>,2,1,frequency_representative
30368,Targeting domains:node-D2 and nodes:node-[75\ 79] child of command 2693,E37,Targeting domains:<*> and nodes:<*>,7,targeting domains: <id> and nodes:node-[ <num> \ <num> ] child of command <num>,7,HPC_C0000015,1168,1194,targeting domains: <id> and nodes: node-[<num> <*> <num>] child of command <num>,2,2,complex_sample
29832,Targeting domains:node-D[0-7] and nodes:node-[0-255],E37,Targeting domains:<*> and nodes:<*>,47,targeting domains:node-d[ <num> - <num> ] and nodes:node-[ <num> - <num> ],5,HPC_C0000016,11,53,targeting domains: node-d [<num> <*> <num>] and nodes: node-[<num> <*> <num>],2,1,frequency_representative
29817,Targeting domains:node-D[3\ 7] and nodes:node-[96\ 224],E37,Targeting domains:<*> and nodes:<*>,6,targeting domains:node-d[ <num> \ <num> ] and nodes:node-[ <num> \ <num> ],6,HPC_C0000016,11,53,targeting domains: node-d [<num> <*> <num>] and nodes: node-[<num> <*> <num>],2,2,complex_sample
29691,Targeting domains:node-D[0\ 7] and nodes:node-[0-31\ 224-255],E37,Targeting domains:<*> and nodes:<*>,10,targeting domains:node-d[ <num> \ <num> ] and nodes:node-[ <num> - <num> \ <num> - <num> ],3,HPC_C0000017,3,10,targeting domains: node-d [<num> \ <num>] and nodes: node-[<num>-<num> \ <num>-<num>],1,1,frequency_representative
29719,Targeting domains:node-D5 and nodes:node-185 child of command 2006,E37,Targeting domains:<*> and nodes:<*>,80,targeting domains: <id> and <id> child of command <num>,80,HPC_C0000018,80,80,targeting domains: <id> and <id> child of command <num>,1,1,frequency_representative
29723,Targeting domains:node-D5 and nodes:node-[162-168\ 173] child of command 2002,E37,Targeting domains:<*> and nodes:<*>,2,targeting domains: <id> and nodes:node-[ <num> - <num> \ <num> ] child of command <num>,2,HPC_C0000019,4,4,targeting domains: <id> and nodes: node-[<num> <*> <num> \ <num>] child of command <num>,2,1,frequency_representative
31421,Targeting domains:node-D7 and nodes:node-[238\ 253\ 255] child of command 3944,E37,Targeting domains:<*> and nodes:<*>,2,targeting domains: <id> and nodes:node-[ <num> \ <num> \ <num> ] child of command <num>,2,HPC_C0000019,4,4,targeting domains: <id> and nodes: node-[<num> <*> <num> \ <num>] child of command <num>,2,2,complex_sample
29898,Targeting domains:node-D7 and nodes:node-[224\ 228\ 232],E37,Targeting domains:<*> and nodes:<*>,6,targeting domains: <id> and nodes:node-[ <num> \ <num> \ <num> ],3,HPC_C0000020,6,9,targeting domains: <id> and nodes: node-[<num> <*> <num> \ <num>],2,1,frequency_representative
29724,Targeting domains:node-D5 and nodes:node-[162-168\ 173],E37,Targeting domains:<*> and nodes:<*>,3,targeting domains: <id> and nodes:node-[ <num> - <num> \ <num> ],3,HPC_C0000020,6,9,targeting domains: <id> and nodes: node-[<num> <*> <num> \ <num>],2,2,complex_sample
29739,Targeting domains:node-D7 and nodes:node-[228\ 232\ 236\ 240\ 244\ 248\ 252] child of command 1986,E37,Targeting domains:<*> and nodes:<*>,2,targeting domains: <id> and nodes:node-[ <num> \ <num> \ <num> \ <num> \ <num> \ <num> \ <num> ] child of command <num>,2,HPC_C0000021,3,3,targeting domains: <id> and nodes: node-[<num> \ <num> <*> <num> \ <num> <*> <num> \ <num> <*> <num>] child of command <num>,2,1,frequency_representative
29820,Targeting domains:node-D7 and nodes:node-[224\ 226-234\ 236-239\ 242-244] child of command 2128,E37,Targeting domains:<*> and nodes:<*>,1,targeting domains: <id> and nodes:node-[ <num> \ <num> - <num> \ <num> - <num> \ <num> - <num> ] child of command <num>,1,HPC_C0000021,3,3,targeting domains: <id> and nodes: node-[<num> \ <num> <*> <num> \ <num> <*> <num> \ <num> <*> <num>] child of command <num>,2,2,complex_sample
29740,Targeting domains:node-D7 and nodes:node-[228\ 232\ 236\ 240\ 244\ 248\ 252],E37,Targeting domains:<*> and nodes:<*>,2,targeting domains: <id> and nodes:node-[ <num> \ <num> \ <num> \ <num> \ <num> \ <num> \ <num> ],2,HPC_C0000022,3,4,targeting domains: <id> and nodes: node-[<num> \ <num> <*> <num> \ <num> <*> <num> \ <num> <*> <num>],2,1,frequency_representative
30658,Targeting domains:node-D7 and nodes:node-[224\ 226-229\ 231-238\ 240-255],E37,Targeting domains:<*> and nodes:<*>,2,targeting domains: <id> and nodes:node-[ <num> \ <num> - <num> \ <num> - <num> \ <num> - <num> ],1,HPC_C0000022,3,4,targeting domains: <id> and nodes: node-[<num> \ <num> <*> <num> \ <num> <*> <num> \ <num> <*> <num>],2,2,complex_sample
29741,Targeting domains:node-D7 and nodes:node-[225\ 229\ 233\ 237\ 241\ 245\ 249\ 253] child of command 1984,E37,Targeting domains:<*> and nodes:<*>,2,targeting domains: <id> and nodes:node-[ <num> \ <num> \ <num> \ <num> \ <num> \ <num> \ <num> \ <num> ] child of command <num>,2,HPC_C0000023,2,2,targeting domains: <id> and nodes: node-[<num> \ <num> \ <num> \ <num> \ <num> \ <num> \ <num> \ <num>] child of command <num>,1,1,frequency_representative
29742,Targeting domains:node-D7 and nodes:node-[225\ 229\ 233\ 237\ 241\ 245\ 249\ 253],E37,Targeting domains:<*> and nodes:<*>,2,targeting domains: <id> and nodes:node-[ <num> \ <num> \ <num> \ <num> \ <num> \ <num> \ <num> \ <num> ],2,HPC_C0000024,2,2,targeting domains: <id> and nodes: node-[<num> \ <num> \ <num> \ <num> \ <num> \ <num> \ <num> \ <num>],1,1,frequency_representative
29801,Targeting domains:node-D[1-6] and nodes:node-[35-63\ 67-95\ 99-127\ 131-159\ 163-191\ 194-223],E37,Targeting domains:<*> and nodes:<*>,3,targeting domains:node-d[ <num> - <num> ] and nodes:node-[ <num> - <num> \ <num> - <num> \ <num> - <num> \ <num> - <num> \ <num> - <num> \ <num> - <num> ],3,HPC_C0000025,3,3,targeting domains: node-d [<num>-<num>] and nodes: node-[<num>-<num> \ <num>-<num> \ <num>-<num> \ <num>-<num> \ <num>-<num> \ <num>-<num>],1,1,frequency_representative
30656,Targeting domains:node-D7 and nodes:node-[224\ 226-229\ 231-233] child of command 3007,E37,Targeting domains:<*> and nodes:<*>,2,targeting domains: <id> and nodes:node-[ <num> \ <num> - <num> \ <num> - <num> ] child of command <num>,2,HPC_C0000026,4,4,targeting domains: <id> and nodes: node-[<num> <*> <num> <*> <num> \ <num>-<num>] child of command <num>,2,1,frequency_representative
29941,Targeting domains:node-D4 and nodes:node-[133\ 135\ 140\ 142-143] child of command 2243,E37,Targeting domains:<*> and nodes:<*>,1,targeting domains: <id> and nodes:node-[ <num> \ <num> \ <num> \ <num> - <num> ] child of command <num>,1,HPC_C0000026,4,4,targeting domains: <id> and nodes: node-[<num> <*> <num> <*> <num> \ <num>-<num>] child of command <num>,2,2,complex_sample
29823,Targeting domains:node-D[0\ 3\ 7] and nodes:node-[0-10\ 12\ 14-15\ 96\ 224\ 226-234\ 236-239\ 242-244],E37,Targeting domains:<*> and nodes:<*>,1,targeting domains:node-d[ <num> \ <num> \ <num> ] and nodes:node-[ <num> - <num> \ <num> \ <num> - <num> \ <num> \ <num> \ <num> - <num> \ <num> - <num> \ <num> - <num> ],1,HPC_C0000027,1,1,targeting domains: node-d [<num> \ <num> \ <num>] and nodes: node-[<num>-<num> \ <num> \ <num>-<num> \ <num> \ <num> \ <num>-<num> \ <num>-<num> \ <num>-<num>],1,1,frequency_representative
29940,Targeting domains:node-D4 and nodes:node-[133\ 135\ 140\ 142-143],E37,Targeting domains:<*> and nodes:<*>,1,targeting domains: <id> and nodes:node-[ <num> \ <num> \ <num> \ <num> - <num> ],1,HPC_C0000028,2,2,targeting domains: <id> and nodes: node-[<num> \ <num> <*> <num> \ <num>-<num>],2,1,frequency_representative
30223,Targeting domains:node-D5 and nodes:node-[164\ 171-174\ 176-179],E37,Targeting domains:<*> and nodes:<*>,1,targeting domains: <id> and nodes:node-[ <num> \ <num> - <num> \ <num> - <num> ],1,HPC_C0000028,2,2,targeting domains: <id> and nodes: node-[<num> \ <num> <*> <num> \ <num>-<num>],2,2,complex_sample
30209,Targeting domains:node-D0 and nodes:node-[2\ 4-6\ 22-23\ 26],E37,Targeting domains:<*> and nodes:<*>,2,targeting domains: <id> and nodes:node-[ <num> \ <num> - <num> \ <num> - <num> \ <num> ],2,HPC_C0000029,3,3,targeting domains: <id> and nodes: node-[<num> \ <num>-<num> \ <num> <*> <num> <*> <num>],2,1,frequency_representative
31320,Targeting domains:node-D0 and nodes:node-[8\ 12-13\ 15\ 18-19],E37,Targeting domains:<*> and nodes:<*>,1,targeting domains: <id> and nodes:node-[ <num> \ <num> - <num> \ <num> \ <num> - <num> ],1,HPC_C0000029,3,3,targeting domains: <id> and nodes: node-[<num> \ <num>-<num> \ <num> <*> <num> <*> <num>],2,2,complex_sample
30399,Targeting domains:node-D[1\ 3] and nodes:node-[53\ 61\ 110],E37,Targeting domains:<*> and nodes:<*>,3,targeting domains:node-d[ <num> \ <num> ] and nodes:node-[ <num> \ <num> \ <num> ],3,HPC_C0000030,4,4,targeting domains: node-d [<num> \ <num>] and nodes: node-[<num> \ <num> <*> <num>],2,1,frequency_representative
30385,Targeting domains:node-D[4\ 6] and nodes:node-[137\ 202-203],E37,Targeting domains:<*> and nodes:<*>,1,targeting domains:node-d[ <num> \ <num> ] and nodes:node-[ <num> \ <num> - <num> ],1,HPC_C0000030,4,4,targeting domains: node-d [<num> \ <num>] and nodes: node-[<num> \ <num> <*> <num>],2,2,complex_sample
30464,Targeting domains:node-D2 and nodes:node-[82\ 85-88\ 90-91\ 94] child of command 2768,E37,Targeting domains:<*> and nodes:<*>,1,targeting domains: <id> and nodes:node-[ <num> \ <num> - <num> \ <num> - <num> \ <num> ] child of command <num>,1,HPC_C0000031,1,1,targeting domains: <id> and nodes: node-[<num> \ <num>-<num> \ <num>-<num> \ <num>] child of command <num>,1,1,frequency_representative
30894,Targeting domains:node-D[0\ 6-7] and nodes:node-[5\ 8\ 206\ 243],E37,Targeting domains:<*> and nodes:<*>,2,targeting domains:node-d[ <num> \ <num> - <num> ] and nodes:node-[ <num> \ <num> \ <num> \ <num> ],2,HPC_C0000032,2,2,targeting domains: node-d [<num> \ <num>-<num>] and nodes: node-[<num> \ <num> \ <num> \ <num>],1,1,frequency_representative
31036,Targeting domains:node-D[1\ 3\ 5] and nodes:node-[34\ 97\ 166],E37,Targeting domains:<*> and nodes:<*>,1,targeting domains:node-d[ <num> \ <num> \ <num> ] and nodes:node-[ <num> \ <num> \ <num> ],1,HPC_C0000033,1,1,targeting domains: node-d [<num> \ <num> \ <num>] and nodes: node-[<num> \ <num> \ <num>],1,1,frequency_representative
31079,Targeting domains:node-D[4-7] and nodes:node-[136-159\ 168-191\ 200-224],E37,Targeting domains:<*> and nodes:<*>,2,targeting domains:node-d[ <num> - <num> ] and nodes:node-[ <num> - <num> \ <num> - <num> \ <num> - <num> ],2,HPC_C0000034,2,2,targeting domains: node-d [<num>-<num>] and nodes: node-[<num>-<num> \ <num>-<num> \ <num>-<num>],1,1,frequency_representative
31134,Targeting domains:node-D[0-7] and nodes:node-[0-2\ 32-34\ 64-66\ 96-98\ 128-130\ 160-162\ 192-194\ 224-226],E37,Targeting domains:<*> and nodes:<*>,1,targeting domains:node-d[ <num> - <num> ] and nodes:node-[ <num> - <num> \ <num> - <num> \ <num> - <num> \ <num> - <num> \ <num> - <num> \ <num> - <num> \ <num> - <num> \ <num> - <num> ],1,HPC_C0000035,1,1,targeting domains: node-d [<num>-<num>] and nodes: node-[<num>-<num> \ <num>-<num> \ <num>-<num> \ <num>-<num> \ <num>-<num> \ <num>-<num> \ <num>-<num> \ <num>-<num>],1,1,frequency_representative
31397,Targeting domains:node-D[0-1\ 3\ 7] and nodes:node-[31\ 38\ 116\ 235],E37,Targeting domains:<*> and nodes:<*>,1,targeting domains:node-d[ <num> - <num> \ <num> \ <num> ] and nodes:node-[ <num> \ <num> \ <num> \ <num> ],1,HPC_C0000036,1,1,targeting domains: node-d [<num>-<num> \ <num> \ <num>] and nodes: node-[<num> \ <num> \ <num> \ <num>],1,1,frequency_representative
31427,Targeting domains:node-D[1\ 3-7] and nodes:node-[32-63\ 127-159\ 161\ 163\ 165\ 194\ 238\ 253\ 255],E37,Targeting domains:<*> and nodes:<*>,1,targeting domains:node-d[ <num> \ <num> - <num> ] and nodes:node-[ <num> - <num> \ <num> - <num> \ <num> \ <num> \ <num> \ <num> \ <num> \ <num> \ <num> ],1,HPC_C0000037,1,1,targeting domains: node-d [<num> \ <num>-<num>] and nodes: node-[<num>-<num> \ <num>-<num> \ <num> \ <num> \ <num> \ <num> \ <num> \ <num> \ <num>],1,1,frequency_representative
31737,psu failure\ ambient=31,E46,psu failure\ ambient=<*>,517,psu failure\ ambient= <num>,16,HPC_C0000038,16,517,psu failure \ ambient = <num>,1,1,frequency_representative
31769,PSU status ( on off ),E61,PSU status (<*> <*>),26,psu status ( on off ),1,HPC_C0000039,1,26,psu status (on off),1,1,frequency_representative
31869,PSU status ( off on ),E61,PSU status (<*> <*>),21,psu status ( off on ),1,HPC_C0000040,1,21,psu status (off on),1,1,frequency_representative
32283,ambient=41 threshold exceeded,E66,ambient=<*>,28,ambient= <num> threshold exceeded,5,HPC_C0000041,5,28,ambient = <num> threshold exceeded,1,1,frequency_representative
32284,Temperature (41C) exceeds warning threshold,E32,Temperature <*> exceeds warning threshold,420,temperature (41c) exceeds warning threshold,1,HPC_C0000042,3,941,temperature (<*> c) exceeds warning threshold,2,1,frequency_representative
32361,Temperature (42C) exceeds warning threshold,E32,Temperature <*> exceeds warning threshold,350,temperature (42c) exceeds warning threshold,1,HPC_C0000042,3,941,temperature (<*> c) exceeds warning threshold,2,2,complex_sample
33404,ClusterFileSystem: There is no server for ServerFileSystem domain storage212,E14,ClusterFileSystem: There is no server for ServerFileSystem domain <*>,5025,clusterfilesystem: there is no server for serverfilesystem domain <id>,257,HPC_C0000043,257,5025,clusterfilesystem: there is no server for serverfilesystem domain <id>,1,1,frequency_representative
33388,ClusterFileSystem: There is no server for ServerFileSystem domain cluster_root,E14,ClusterFileSystem: There is no server for ServerFileSystem domain <*>,99,clusterfilesystem: there is no server for serverfilesystem domain cluster_root,1,HPC_C0000044,1,99,clusterfilesystem: there is no server for serverfilesystem domain cluster_root,1,1,frequency_representative
35958,ClusterFileSystem: There is no server for ServerFileSystem domain cluster_var,E14,ClusterFileSystem: There is no server for ServerFileSystem domain <*>,2,clusterfilesystem: there is no server for serverfilesystem domain cluster_var,1,HPC_C0000045,1,2,clusterfilesystem: there is no server for serverfilesystem domain cluster_var,1,1,frequency_representative
38643,NIFF: node node-69 detected a failed network connection on network 5.5.224.0 via interface alt0,E11,NIFF: node <*> detected a failed network connection on network <*> via interface <*>,1089,niff: node <id> detected a failed network connection on network <ip> via interface alt0,355,HPC_C0000046,372,1127,niff: node <id> detected a failed network connection on network <ip> via interface <*> 0,3,1,frequency_representative
38535,NIFF: node node-240 detected a failed network connection on network 10.96.0.0 via interface scip0,E11,NIFF: node <*> detected a failed network connection on network <*> via interface <*>,20,niff: node <id> detected a failed network connection on network <ip> via interface scip0,8,HPC_C0000046,372,1127,niff: node <id> detected a failed network connection on network <ip> via interface <*> 0,3,2,complex_sample
39100,NIFF: node node-69 detected a failed network connection on network 10.128.0.0 via interface ee0,E11,NIFF: node <*> detected a failed network connection on network <*> via interface <*>,18,niff: node <id> detected a failed network connection on network <ip> via interface ee0,9,HPC_C0000046,372,1127,niff: node <id> detected a failed network connection on network <ip> via interface <*> 0,3,3,diverse_sample
39565,ServerFileSystem: An ServerFileSystem domain panic has occurred on storage911,E12,ServerFileSystem: An ServerFileSystem domain panic has occurred on <*>,70,serverfilesystem: an serverfilesystem domain panic has occurred on <id>,56,HPC_C0000047,56,70,serverfilesystem: an serverfilesystem domain panic has occurred on <id>,1,1,frequency_representative
39848,Fan speeds ( 3552 3534 3375 4041 3515 3479 ),E60,Fan speeds ( <*> ),2428,fan speeds ( <num> <num> <num> <num> <num> <num> ),163,HPC_C0000048,163,2428,fan speeds (<num> <num> <num> <num> <num> <num>),1,1,frequency_representative
39575,fan failure\ ambient=26,E47,fan failure\ ambient=<*>,2,fan failure\ ambient= <num>,2,HPC_C0000049,2,2,fan failure \ ambient = <num>,1,1,frequency_representative
39581,Fan speeds ( 3552 3534 3375 **** 3515 3479 ),E60,Fan speeds ( <*> ),19344,fan speeds ( <num> <num> <num> **** <num> <num> ),4,HPC_C0000050,4,19344,fan speeds (<num> <num> <num> * * * * <num> <num>),1,1,frequency_representative
61348,Command has been aborted,E43,Command has been aborted,257,command has been aborted,1,HPC_C0000051,1,257,command has been aborted,1,1,frequency_representative
341277,Command Failed on: node-0,E50,Command Failed on: <*>,125,command failed on: <id>,63,HPC_C0000052,63,125,command failed on: <id>,1,1,frequency_representative
61500,Command Failed on: node-160\ node-161\ node-166\ node-164\ node-167\ node-165\ node-162\ node-163,E50,Command Failed on: <*>,22,command failed on: <id> \ <id> \ <id> \ <id> \ <id> \ <id> \ <id> \ <id>,13,HPC_C0000053,13,22,command failed on: <id> \ <id> \ <id> \ <id> \ <id> \ <id> \ <id> \ <id>,1,1,frequency_representative
61580,Command Failed on: node-109\ node-124\ node-110\ node-111\ node-108\ node-113\ node-114\ node-112\ node-115\ node-116\ node-118\ node-120\ node-119\ node-117\ node-121\ node-123\ node-126\ node-125\ node-122\ node-127,E50,Command Failed on: <*>,2,command failed on: <id> \ <id> \ <id> \ <id> \ <id> \ <id> \ <id> \ <id> \ <id> \ <id> \ <id> \ <id> \ <id> \ <id> \ <id> \ <id> \ <id> \ <id> \ <id> \ <id>,1,HPC_C0000054,1,2,command failed on: <id> \ <id> \ <id> \ <id> \ <id> \ <id> \ <id> \ <id> \ <id> \ <id> \ <id> \ <id> \ <id> \ <id> \ <id> \ <id> \ <id> \ <id> \ <id> \ <id>,1,1,frequency_representative
61581,Failed subcommands 3503,E48,Failed subcommands <*>,51,failed subcommands <num>,47,HPC_C0000055,47,51,failed subcommands <num>,1,1,frequency_representative
61616,Failed subcommands 3825\ 3845\ 3846,E48,Failed subcommands <*>,11,failed subcommands <num> \ <num> \ <num>,8,HPC_C0000056,8,11,failed subcommands <num> \ <num> \ <num>,1,1,frequency_representative
61626,Command Failed on: node-238\ node-253\ node-255,E50,Command Failed on: <*>,17,command failed on: <id> \ <id> \ <id>,14,HPC_C0000057,14,17,command failed on: <id> \ <id> \ <id>,1,1,frequency_representative
61630,Failed subcommands 3923\ 3925\ 3927\ 3931\ 3937\ 3941,E48,Failed subcommands <*>,2,failed subcommands <num> \ <num> \ <num> \ <num> \ <num> \ <num>,1,HPC_C0000058,1,2,failed subcommands <num> \ <num> \ <num> \ <num> \ <num> \ <num>,1,1,frequency_representative
61680,power/control ok,E51,power/control ok,81,power/control ok,1,HPC_C0000059,1,81,power/control ok,1,1,frequency_representative
61681,power/control problem,E44,power/control problem,355,power/control problem,1,HPC_C0000060,1,355,power/control problem,1,1,frequency_representative
62116,no recent update,E52,no recent update,61,no recent update,1,HPC_C0000061,1,61,no recent update,1,1,frequency_representative
62118,update received,E53,update received,34,update received,1,HPC_C0000062,1,34,update received,1,1,frequency_representative
62211,Link error,E63,Link error,4002,link error,1,HPC_C0000063,1,4002,link error,1,1,frequency_representative
62225,Link in reset,E59,Link in reset,2344,link in reset,1,HPC_C0000064,1,2344,link in reset,1,1,frequency_representative
62226,Link ok,E72,Link ok,2257,link ok,1,HPC_C0000065,1,2257,link ok,1,1,frequency_representative
64974,Link error on broadcast tree Interconnect-1T00:00:2:0,E39,Link error on broadcast tree <*>,1167,link error on broadcast tree <id> : <ip>,73,HPC_C0000066,73,1167,link error on broadcast tree <id>: <ip>,1,1,frequency_representative
65944,ServerFileSystem: ServerFileSystem domain root1_local is full,E26,ServerFileSystem: ServerFileSystem domain <*> is full,2487,serverfilesystem: serverfilesystem domain <id> is full,76,HPC_C0000067,78,2561,serverfilesystem: serverfilesystem domain <*> is full,2,1,frequency_representative
66011,ServerFileSystem: ServerFileSystem domain cluster_root is full,E26,ServerFileSystem: ServerFileSystem domain <*> is full,69,serverfilesystem: serverfilesystem domain cluster_root is full,1,HPC_C0000067,78,2561,serverfilesystem: serverfilesystem domain <*> is full,2,2,complex_sample
65943,ServerFileSystem domain root_domain is full,E35,ServerFileSystem domain <*> is full,12,serverfilesystem domain root_domain is full,1,HPC_C0000068,1,12,serverfilesystem domain root_domain is full,1,1,frequency_representative
66437,ServerFileSystem domain give_domain is full,E35,ServerFileSystem domain <*> is full,19,serverfilesystem domain give_domain is full,1,HPC_C0000069,1,19,serverfilesystem domain give_domain is full,1,1,frequency_representative
67105,ServerFileSystem domain lsf_domain is full,E35,ServerFileSystem domain <*> is full,7,serverfilesystem domain lsf_domain is full,1,HPC_C0000070,1,7,serverfilesystem domain lsf_domain is full,1,1,frequency_representative
68802,ClusterFileSystem: ServerFileSystem domain root3_domain is no longer served by node node-2,E10,ClusterFileSystem: ServerFileSystem domain <*> is no longer served by node <*>,6985,clusterfilesystem: serverfilesystem domain <id> is no longer served by node <id>,1293,HPC_C0000071,1343,8152,clusterfilesystem: serverfilesystem domain <*> is no longer served by node <id>,3,1,frequency_representative
68538,ClusterFileSystem: ServerFileSystem domain cluster_root_backup is no longer served by node node-160,E10,ClusterFileSystem: ServerFileSystem domain <*> is no longer served by node <*>,339,clusterfilesystem: serverfilesystem domain cluster_root_backup is no longer served by node <id>,8,HPC_C0000071,1343,8152,clusterfilesystem: serverfilesystem domain <*> is no longer served by node <id>,3,2,complex_sample
74384,ClusterFileSystem: ServerFileSystem domain sc_cluster_backup is no longer served by node node-0,E10,ClusterFileSystem: ServerFileSystem domain <*> is no longer served by node <*>,62,clusterfilesystem: serverfilesystem domain sc_cluster_backup is no longer served by node <id>,9,HPC_C0000071,1343,8152,clusterfilesystem: serverfilesystem domain <*> is no longer served by node <id>,3,3,diverse_sample
76680,running,E70,running,30064,running,1,HPC_C0000072,1,30064,running,1,1,frequency_representative
77090,configured out,E55,configured out,19839,configured out,1,HPC_C0000073,1,19839,configured out,1,1,frequency_representative
77164,blocked,E71,blocked,2286,blocked,1,HPC_C0000074,1,2286,blocked,1,1,frequency_representative
77193,not responding,E54,not responding,12367,not responding,1,HPC_C0000075,1,12367,not responding,1,1,frequency_representative
78189,starting,E64,starting,148,starting,1,HPC_C0000076,1,148,starting,1,1,frequency_representative
78330,closing,E68,closing,70,closing,1,HPC_C0000077,1,70,closing,1,1,frequency_representative
82236,inconsistent nodesets node-255 0x1fffffffe <ok> node-224 0xfffffffe <ok> node-225 0xfffffffe <ok> node-226 0xfffffffe <ok> node-254 0xfffffffe <ok>,E36,inconsistent nodesets <*> <*> <ok> <*> <*> <ok>,73,inconsistent nodesets <id> <hex> <ok> <id> <hex> <ok> <id> <hex> <ok> <id> <hex> <ok> <id> <hex> <ok>,65,HPC_C0000078,65,73,inconsistent nodesets <id> <hex> <ok> <id> <hex> <ok> <id> <hex> <ok> <id> <hex> <ok> <id> <hex> <ok>,1,1,frequency_representative
81094,inconsistent nodesets node-224 0x000001fe <ok> node-226 0x0001f9fe <ok> node-225 0x4001fdfe <ok>,E36,inconsistent nodesets <*> <*> <ok> <*> <*> <ok>,64,inconsistent nodesets <id> <hex> <ok> <id> <hex> <ok> <id> <hex> <ok>,62,HPC_C0000079,62,64,inconsistent nodesets <id> <hex> <ok> <id> <hex> <ok> <id> <hex> <ok>,1,1,frequency_representative
80645,inconsistent nodesets node-63 0x1fffffffe <ok> node-32 0x0000000e <ok> node-34 0x0000000e <ok> node-33 0x0000000e <ok>,E36,inconsistent nodesets <*> <*> <ok> <*> <*> <ok>,199,inconsistent nodesets <id> <hex> <ok> <id> <hex> <ok> <id> <hex> <ok> <id> <hex> <ok>,141,HPC_C0000080,141,199,inconsistent nodesets <id> <hex> <ok> <id> <hex> <ok> <id> <hex> <ok> <id> <hex> <ok>,1,1,frequency_representative
80249,active,E73,active,1263,active,1,HPC_C0000081,1,1263,active,1,1,frequency_representative
81058,inconsistent nodesets node-2 0x0000000e <ok> node-0 0x00000002 <ok>,E36,inconsistent nodesets <*> <*> <ok> <*> <*> <ok>,53,inconsistent nodesets <id> <hex> <ok> <id> <hex> <ok>,41,HPC_C0000082,41,53,inconsistent nodesets <id> <hex> <ok> <id> <hex> <ok>,1,1,frequency_representative
81095,inconsistent nodesets node-0 0x0001e1fe <ok> node-1 0x0001e1fe <ok> node-7 0x0001e1fe <ok> node-6 0x0001e1fe <ok> node-5 0x0001e1fe <ok> node-2 0x1001fdfe <ok> node-3 0x1001fdfe <ok> node-4 0x1001fdfe <ok>,E36,inconsistent nodesets <*> <*> <ok> <*> <*> <ok>,158,inconsistent nodesets <id> <hex> <ok> <id> <hex> <ok> <id> <hex> <ok> <id> <hex> <ok> <id> <hex> <ok> <id> <hex> <ok> <id> <hex> <ok> <id> <hex> <ok>,154,HPC_C0000083,154,158,inconsistent nodesets <id> <hex> <ok> <id> <hex> <ok> <id> <hex> <ok> <id> <hex> <ok> <id> <hex> <ok> <id> <hex> <ok> <id> <hex> <ok> <id> <hex> <ok>,1,1,frequency_representative
80270,inconsistent nodesets node-98 0x1001fdfe <ok> node-97 0x1001fdfe <ok> node-100 0x1001fdfe <ok> node-101 0x1001fdfe <ok> node-103 0x1001fdfe <ok> node-102 0x1001fdfe <ok> node-99 0x1001fdfe <ok> node-96 0x1001fdfe <ok> node-111 0x11fffdfe <ok> node-107 0x11fffdfe <ok>,E36,inconsistent nodesets <*> <*> <ok> <*> <*> <ok>,16,inconsistent nodesets <id> <hex> <ok> <id> <hex> <ok> <id> <hex> <ok> <id> <hex> <ok> <id> <hex> <ok> <id> <hex> <ok> <id> <hex> <ok> <id> <hex> <ok> <id> <hex> <ok> <id> <hex> <ok>,16,HPC_C0000084,16,16,inconsistent nodesets <id> <hex> <ok> <id> <hex> <ok> <id> <hex> <ok> <id> <hex> <ok> <id> <hex> <ok> <id> <hex> <ok> <id> <hex> <ok> <id> <hex> <ok> <id> <hex> <ok> <id> <hex> <ok>,1,1,frequency_representative
81101,inconsistent nodesets node-129 0x1001fdfe <ok> node-130 0x1001fdfe <ok> node-135 0x1001fdfe <ok> node-131 0x1001fdfe <ok> node-134 0x1001fdfe <ok> node-132 0x1001fdfe <ok> node-133 0x1001fdfe <ok> node-128 0x1001fdfe <ok> node-140 0x11fffdfe <ok> node-138 0x11fffdfe <ok> node-139 0x11fffdfe <ok> node-155 0x11fffdfe <ok> node-142 0x11fffdfe <ok> node-137 0x11fffdfe <ok> node-141 0x11fffdfe <ok> node-143 0x11fffdfe <ok>,E36,inconsistent nodesets <*> <*> <ok> <*> <*> <ok>,33,inconsistent nodesets <id> <hex> <ok> <id> <hex> <ok> <id> <hex> <ok> <id> <hex> <ok> <id> <hex> <ok> <id> <hex> <ok> <id> <hex> <ok> <id> <hex> <ok> <id> <hex> <ok> <id> <hex> <ok> <id> <hex> <ok> <id> <hex> <ok> <id> <hex> <ok> <id> <hex> <ok> <id> <hex> <ok> <id> <hex> <ok>,32,HPC_C0000085,32,33,inconsistent nodesets <id> <hex> <ok> <id> <hex> <ok> <id> <hex> <ok> <id> <hex> <ok> <id> <hex> <ok> <id> <hex> <ok> <id> <hex> <ok> <id> <hex> <ok> <id> <hex> <ok> <id> <hex> <ok> <id> <hex> <ok> <id> <hex> <ok> <id> <hex> <ok> <id> <hex> <ok> <id> <hex> <ok> <id> <hex> <ok>,1,1,frequency_representative
80277,inconsistent nodesets node-1 0x000001fe <ok> node-2 0x000001fe <ok> node-3 0x000001fe <ok> node-4 0x000001fe <ok> node-7 0x000001fe <ok> node-0 0x000001fe <ok> node-5 0x000001fe <ok> node-6 0x000001fe <ok> node-14 0x0401fdfe <ok> node-15 0x0401fdfe <ok> node-13 0x0401fdfe <ok> node-12 0x0401fdfe <ok>,E36,inconsistent nodesets <*> <*> <ok> <*> <*> <ok>,13,inconsistent nodesets <id> <hex> <ok> <id> <hex> <ok> <id> <hex> <ok> <id> <hex> <ok> <id> <hex> <ok> <id> <hex> <ok> <id> <hex> <ok> <id> <hex> <ok> <id> <hex> <ok> <id> <hex> <ok> <id> <hex> <ok> <id> <hex> <ok>,12,HPC_C0000086,12,13,inconsistent nodesets <id> <hex> <ok> <id> <hex> <ok> <id> <hex> <ok> <id> <hex> <ok> <id> <hex> <ok> <id> <hex> <ok> <id> <hex> <ok> <id> <hex> <ok> <id> <hex> <ok> <id> <hex> <ok> <id> <hex> <ok> <id> <hex> <ok>,1,1,frequency_representative
81098,inconsistent nodesets node-64 0x000001fe <ok> node-67 0x000001fe <ok> node-65 0x000001fe <ok> node-66 0x0801fdfe <ok> node-69 0x0801fdfe <ok> node-70 0x0801fdfe <ok>,E36,inconsistent nodesets <*> <*> <ok> <*> <*> <ok>,24,inconsistent nodesets <id> <hex> <ok> <id> <hex> <ok> <id> <hex> <ok> <id> <hex> <ok> <id> <hex> <ok> <id> <hex> <ok>,23,HPC_C0000087,23,24,inconsistent nodesets <id> <hex> <ok> <id> <hex> <ok> <id> <hex> <ok> <id> <hex> <ok> <id> <hex> <ok> <id> <hex> <ok>,1,1,frequency_representative
81951,responding,E62,responding,181,responding,1,HPC_C0000088,1,181,responding,1,1,frequency_representative
82091,inconsistent nodesets node-33 0x000001fc <ok> node-37 0x000001fc <ok> node-39 0x000001fc <ok> node-34 0x000001fc <ok> node-35 0x000001fc <ok> node-36 0x000001fc <ok> node-38 0x000001fc <ok> node-41 0x0801fdfc <ok> node-46 0x0801fdfc <ok> node-58 0x0801fdfc <ok> node-43 0x0801fdfc <ok> node-44 0x0801fdfc <ok> node-47 0x0801fdfc <ok> node-45 0x0801fdfc <ok> node-42 0x0801fdfc <ok>,E36,inconsistent nodesets <*> <*> <ok> <*> <*> <ok>,8,inconsistent nodesets <id> <hex> <ok> <id> <hex> <ok> <id> <hex> <ok> <id> <hex> <ok> <id> <hex> <ok> <id> <hex> <ok> <id> <hex> <ok> <id> <hex> <ok> <id> <hex> <ok> <id> <hex> <ok> <id> <hex> <ok> <id> <hex> <ok> <id> <hex> <ok> <id> <hex> <ok> <id> <hex> <ok>,8,HPC_C0000089,8,8,inconsistent nodesets <id> <hex> <ok> <id> <hex> <ok> <id> <hex> <ok> <id> <hex> <ok> <id> <hex> <ok> <id> <hex> <ok> <id> <hex> <ok> <id> <hex> <ok> <id> <hex> <ok> <id> <hex> <ok> <id> <hex> <ok> <id> <hex> <ok> <id> <hex> <ok> <id> <hex> <ok> <id> <hex> <ok>,1,1,frequency_representative
83381,inconsistent nodesets node-36 0x000001fe <ok> node-32 0x000001fe <ok> node-34 0x000001fe <ok> node-38 0x000001fe <ok> node-35 0x1c08003fe <ok> node-37 0x1c08003fe <ok> node-39 0x1c08003fe <ok>,E36,inconsistent nodesets <*> <*> <ok> <*> <*> <ok>,35,inconsistent nodesets <id> <hex> <ok> <id> <hex> <ok> <id> <hex> <ok> <id> <hex> <ok> <id> <hex> <ok> <id> <hex> <ok> <id> <hex> <ok>,35,HPC_C0000090,35,35,inconsistent nodesets <id> <hex> <ok> <id> <hex> <ok> <id> <hex> <ok> <id> <hex> <ok> <id> <hex> <ok> <id> <hex> <ok> <id> <hex> <ok>,1,1,frequency_representative
84114,inconsistent nodesets node-193 0x0000000e <ok> node-194 0x0000000e <ok> node-192 0x0000000e <ok> node-195 0x000087fe <ok> node-198 0x000087fe <ok> node-201 0x000087fe <ok> node-199 0x00008ffe <ok> node-200 0x00008ffe <ok> node-196 0x00008ffe <ok> node-197 0x00008ffe <ok> node-206 0x00008ffe <ok>,E36,inconsistent nodesets <*> <*> <ok> <*> <*> <ok>,14,inconsistent nodesets <id> <hex> <ok> <id> <hex> <ok> <id> <hex> <ok> <id> <hex> <ok> <id> <hex> <ok> <id> <hex> <ok> <id> <hex> <ok> <id> <hex> <ok> <id> <hex> <ok> <id> <hex> <ok> <id> <hex> <ok>,14,HPC_C0000091,14,14,inconsistent nodesets <id> <hex> <ok> <id> <hex> <ok> <id> <hex> <ok> <id> <hex> <ok> <id> <hex> <ok> <id> <hex> <ok> <id> <hex> <ok> <id> <hex> <ok> <id> <hex> <ok> <id> <hex> <ok> <id> <hex> <ok>,1,1,frequency_representative
85531,inconsistent nodesets node-225 0x000001fe <ok> node-228 0x000001fe <ok> node-227 0x000001fe <ok> node-224 0x000001fe <ok> node-230 0x000001fe <ok> node-226 0x000001fe <ok> node-231 0x000001fe <ok> node-229 0x000001fe <ok> node-238 0x0801fdfe <ok> node-236 0x0801fdfe <ok> node-237 0x0801fdfe <ok> node-239 0x0801fdfe <ok> node-250 0x0801fdfe <ok>,E36,inconsistent nodesets <*> <*> <ok> <*> <*> <ok>,14,inconsistent nodesets <id> <hex> <ok> <id> <hex> <ok> <id> <hex> <ok> <id> <hex> <ok> <id> <hex> <ok> <id> <hex> <ok> <id> <hex> <ok> <id> <hex> <ok> <id> <hex> <ok> <id> <hex> <ok> <id> <hex> <ok> <id> <hex> <ok> <id> <hex> <ok>,14,HPC_C0000092,14,14,inconsistent nodesets <id> <hex> <ok> <id> <hex> <ok> <id> <hex> <ok> <id> <hex> <ok> <id> <hex> <ok> <id> <hex> <ok> <id> <hex> <ok> <id> <hex> <ok> <id> <hex> <ok> <id> <hex> <ok> <id> <hex> <ok> <id> <hex> <ok> <id> <hex> <ok>,1,1,frequency_representative
88763,inconsistent nodesets node-159 0x1fffffffc <ok> node-130 0x1fffffffc <ok> node-129 0x1fffffffc <ok> node-135 0x1fffffffc <ok> node-131 0x1fffffffc <ok> node-155 0x1fffffffc <ok> node-148 0x1fffffffc <ok> node-134 0x1fffffffc <ok> node-140 0x1fffffffc <ok> node-144 0x1fffffffc <ok> node-138 0x1fffffffc <ok> node-157 0x1fffffffc <ok> node-146 0x1fffffffc <ok> node-158 0x1fffffffc <ok> node-136 0x1fffffffc <ok> node-141 0x1fffffffc <ok> node-153 0x1fffffffc <ok> node-150 0x1fffffffc <ok> node-147 0x1fffffffc <ok> node-137 0x1fffffffc <ok> node-133 0x1fffffffc <ok> node-145 0x1fffffffc <ok> node-143 0x1fffffffc <ok> node-142 0x1fffffffc <ok> node-152 0x1fffffffc <ok> node-156 0x1fffffffc <ok> node-154 0x1fffffffc <ok> node-132 0x1fffffffc <ok> node-139 0x1fffffffc <ok> node-151 0x1fffffffc <ok> node-149 0x1fffffffc <ok> node-128 0x1fffffffe <ok>,E36,inconsistent nodesets <*> <*> <ok> <*> <*> <ok>,38,inconsistent nodesets <id> <hex> <ok> <id> <hex> <ok> <id> <hex> <ok> <id> <hex> <ok> <id> <hex> <ok> <id> <hex> <ok> <id> <hex> <ok> <id> <hex> <ok> <id> <hex> <ok> <id> <hex> <ok> <id> <hex> <ok> <id> <hex> <ok> <id> <hex> <ok> <id> <hex> <ok> <id> <hex> <ok> <id> <hex> <ok> <id> <hex> <ok> <id> <hex> <ok> <id> <hex> <ok> <id> <hex> <ok> <id> <hex> <ok> <id> <hex> <ok> <id> <hex> <ok> <id> <hex> <ok> <id> <hex> <ok> <id> <hex> <ok> <id> <hex> <ok> <id> <hex> <ok> <id> <hex> <ok> <id> <hex> <ok> <id> <hex> <ok> <id> <hex> <ok>,36,HPC_C0000093,36,38,inconsistent nodesets <id> <hex> <ok> <id> <hex> <ok> <id> <hex> <ok> <id> <hex> <ok> <id> <hex> <ok> <id> <hex> <ok> <id> <hex> <ok> <id> <hex> <ok> <id> <hex> <ok> <id> <hex> <ok> <id> <hex> <ok> <id> <hex> <ok> <id> <hex> <ok> <id> <hex> <ok> <id> <hex> <ok> <id> <hex> <ok> <id> <hex> <ok> <id> <hex> <ok> <id> <hex> <ok> <id> <hex> <ok> <id> <hex> <ok> <id> <hex> <ok> <id> <hex> <ok> <id> <hex> <ok> <id> <hex> <ok> <id> <hex> <ok> <id> <hex> <ok> <id> <hex> <ok> <id> <hex> <ok> <id> <hex> <ok> <id> <hex> <ok> <id> <hex> <ok>,1,1,frequency_representative
89285,inconsistent nodesets node-99 0x2001fdde <ok> node-97 0x2001fdde <ok> node-101 0x2001fdde <ok> node-98 0x2001fdde <ok> node-96 0x2001fdde <ok> node-102 0x2001fdde <ok> node-103 0x2001fdde <ok> node-106 0x200ffdde <ok> node-110 0x200ffdde <ok>,E36,inconsistent nodesets <*> <*> <ok> <*> <*> <ok>,20,inconsistent nodesets <id> <hex> <ok> <id> <hex> <ok> <id> <hex> <ok> <id> <hex> <ok> <id> <hex> <ok> <id> <hex> <ok> <id> <hex> <ok> <id> <hex> <ok> <id> <hex> <ok>,20,HPC_C0000094,20,20,inconsistent nodesets <id> <hex> <ok> <id> <hex> <ok> <id> <hex> <ok> <id> <hex> <ok> <id> <hex> <ok> <id> <hex> <ok> <id> <hex> <ok> <id> <hex> <ok> <id> <hex> <ok>,1,1,frequency_representative
89286,inconsistent nodesets node-160 0x1001fdfe <ok> node-161 0x1001fdfe <ok> node-162 0x1001fdfe <ok> node-167 0x1001fdfe <ok> node-163 0x1001fdfe <ok> node-164 0x1001fdfe <ok> node-165 0x1001fdfe <ok> node-166 0x1001fdfe <ok> node-172 0x101ffdfe <ok> node-174 0x11fffdfe <ok> node-173 0x11fffdfe <ok> node-175 0x11fffdfe <ok> node-169 0x11fffdfe <ok> node-187 0x11fffdfe <ok>,E36,inconsistent nodesets <*> <*> <ok> <*> <*> <ok>,7,inconsistent nodesets <id> <hex> <ok> <id> <hex> <ok> <id> <hex> <ok> <id> <hex> <ok> <id> <hex> <ok> <id> <hex> <ok> <id> <hex> <ok> <id> <hex> <ok> <id> <hex> <ok> <id> <hex> <ok> <id> <hex> <ok> <id> <hex> <ok> <id> <hex> <ok> <id> <hex> <ok>,7,HPC_C0000095,7,7,inconsistent nodesets <id> <hex> <ok> <id> <hex> <ok> <id> <hex> <ok> <id> <hex> <ok> <id> <hex> <ok> <id> <hex> <ok> <id> <hex> <ok> <id> <hex> <ok> <id> <hex> <ok> <id> <hex> <ok> <id> <hex> <ok> <id> <hex> <ok> <id> <hex> <ok> <id> <hex> <ok>,1,1,frequency_representative
91912,inconsistent nodesets node-63 0x1fffffbbc <ok> node-34 0x1fffffffc <ok> node-33 0x1fffffffc <ok> node-43 0x1fffffbbc <ok> node-38 0x1fffffbbc <ok> node-56 0x1fffffbbc <ok> node-61 0x1fffffbbc <ok> node-60 0x1fffffbbc <ok> node-55 0x1fffffbbc <ok> node-53 0x1fffffbbc <ok> node-42 0x1fffffbbc <ok> node-46 0x1fffffbbc <ok> node-54 0x1fffffbbc <ok> node-36 0x1fffffbbc <ok> node-57 0x1fffffbbc <ok> node-58 0x1fffffbbc <ok> node-49 0x1fffffbbc <ok> node-59 0x1fffffbbc <ok> node-48 0x1fffffbbc <ok> node-51 0x1fffffbbc <ok> node-39 0x1fffffbbc <ok> node-50 0x1fffffbbc <ok> node-47 0x1fffffbbc <ok> node-45 0x1fffffbbc <ok> node-40 0x1fffffbbc <ok> node-35 0x1fffffbbc <ok> node-62 0x1fffffbbc <ok> node-52 0x1fffffbbc <ok> node-44 0x1fffffbbc <ok>,E36,inconsistent nodesets <*> <*> <ok> <*> <*> <ok>,2,inconsistent nodesets <id> <hex> <ok> <id> <hex> <ok> <id> <hex> <ok> <id> <hex> <ok> <id> <hex> <ok> <id> <hex> <ok> <id> <hex> <ok> <id> <hex> <ok> <id> <hex> <ok> <id> <hex> <ok> <id> <hex> <ok> <id> <hex> <ok> <id> <hex> <ok> <id> <hex> <ok> <id> <hex> <ok> <id> <hex> <ok> <id> <hex> <ok> <id> <hex> <ok> <id> <hex> <ok> <id> <hex> <ok> <id> <hex> <ok> <id> <hex> <ok> <id> <hex> <ok> <id> <hex> <ok> <id> <hex> <ok> <id> <hex> <ok> <id> <hex> <ok> <id> <hex> <ok> <id> <hex> <ok>,2,HPC_C0000096,2,2,inconsistent nodesets <id> <hex> <ok> <id> <hex> <ok> <id> <hex> <ok> <id> <hex> <ok> <id> <hex> <ok> <id> <hex> <ok> <id> <hex> <ok> <id> <hex> <ok> <id> <hex> <ok> <id> <hex> <ok> <id> <hex> <ok> <id> <hex> <ok> <id> <hex> <ok> <id> <hex> <ok> <id> <hex> <ok> <id> <hex> <ok> <id> <hex> <ok> <id> <hex> <ok> <id> <hex> <ok> <id> <hex> <ok> <id> <hex> <ok> <id> <hex> <ok> <id> <hex> <ok> <id> <hex> <ok> <id> <hex> <ok> <id> <hex> <ok> <id> <hex> <ok> <id> <hex> <ok> <id> <hex> <ok>,1,1,frequency_representative
98698,inconsistent nodesets node-1 0x1fffffffc <ok> node-15 0x1fffffffe <ok> node-13 0x1fffffffc <ok> node-14 0x1fffffffc <ok> node-11 0x1fffffffc <ok> node-9 0x1fffffffc <ok> node-12 0x1fffffffc <ok> node-26 0x1fffffffe <ok> node-10 0x1fffffffc <ok> node-19 0x1fffffffc <ok> node-17 0x1fffffffc <ok> node-16 0x1fffffffc <ok> node-21 0x1fffffffc <ok> node-20 0x1fffffffc <ok> node-22 0x1fffffffc <ok> node-23 0x1fffffffc <ok> node-24 0x1fffffffc <ok> node-31 0x1fffffffe <ok> node-25 0x1fffffffc <ok> node-27 0x1fffffffc <ok> node-18 0x1fffffffc <ok> node-28 0x1fffffffc <ok> node-29 0x1fffffffc <ok> node-30 0x1fffffffc <ok> node-2 0x1fffffffe <ok>,E36,inconsistent nodesets <*> <*> <ok> <*> <*> <ok>,5,inconsistent nodesets <id> <hex> <ok> <id> <hex> <ok> <id> <hex> <ok> <id> <hex> <ok> <id> <hex> <ok> <id> <hex> <ok> <id> <hex> <ok> <id> <hex> <ok> <id> <hex> <ok> <id> <hex> <ok> <id> <hex> <ok> <id> <hex> <ok> <id> <hex> <ok> <id> <hex> <ok> <id> <hex> <ok> <id> <hex> <ok> <id> <hex> <ok> <id> <hex> <ok> <id> <hex> <ok> <id> <hex> <ok> <id> <hex> <ok> <id> <hex> <ok> <id> <hex> <ok> <id> <hex> <ok> <id> <hex> <ok>,5,HPC_C0000097,5,5,inconsistent nodesets <id> <hex> <ok> <id> <hex> <ok> <id> <hex> <ok> <id> <hex> <ok> <id> <hex> <ok> <id> <hex> <ok> <id> <hex> <ok> <id> <hex> <ok> <id> <hex> <ok> <id> <hex> <ok> <id> <hex> <ok> <id> <hex> <ok> <id> <hex> <ok> <id> <hex> <ok> <id> <hex> <ok> <id> <hex> <ok> <id> <hex> <ok> <id> <hex> <ok> <id> <hex> <ok> <id> <hex> <ok> <id> <hex> <ok> <id> <hex> <ok> <id> <hex> <ok> <id> <hex> <ok> <id> <hex> <ok>,1,1,frequency_representative
99456,inconsistent nodesets node-6 0x1fffffffc <ok> node-22 0x1fffffffc <ok> node-17 0x1fffffffc <ok> node-26 0x1fffffffc <ok> node-20 0x1fffffffc <ok> node-4 0x1fffffffc <ok> node-23 0x1fffffffc <ok> node-13 0x1fffffffc <ok> node-24 0x1fffffffc <ok> node-5 0x1fffffffc <ok> node-3 0x1fffffffc <ok> node-25 0x1fffffffc <ok> node-27 0x1fffffffc <ok> node-28 0x1fffffffc <ok> node-11 0x1fffffffc <ok> node-21 0x1fffffffc <ok> node-15 0x1fffffffc <ok> node-29 0x1fffffffc <ok> node-7 0x1fffffffc <ok> node-18 0x1fffffffc <ok> node-9 0x1fffffffc <ok> node-2 0x1fffffffc <ok> node-19 0x1fffffffc <ok> node-8 0x1fffffffc <ok> node-16 0x1fffffffc <ok> node-30 0x1fffffffc <ok> node-31 0x1fffffffe <ok> node-12 0x1fffffffc <ok> node-1 0x1fffffffc <ok> node-10 0x1fffffffc <ok>,E36,inconsistent nodesets <*> <*> <ok> <*> <*> <ok>,5,inconsistent nodesets <id> <hex> <ok> <id> <hex> <ok> <id> <hex> <ok> <id> <hex> <ok> <id> <hex> <ok> <id> <hex> <ok> <id> <hex> <ok> <id> <hex> <ok> <id> <hex> <ok> <id> <hex> <ok> <id> <hex> <ok> <id> <hex> <ok> <id> <hex> <ok> <id> <hex> <ok> <id> <hex> <ok> <id> <hex> <ok> <id> <hex> <ok> <id> <hex> <ok> <id> <hex> <ok> <id> <hex> <ok> <id> <hex> <ok> <id> <hex> <ok> <id> <hex> <ok> <id> <hex> <ok> <id> <hex> <ok> <id> <hex> <ok> <id> <hex> <ok> <id> <hex> <ok> <id> <hex> <ok> <id> <hex> <ok>,5,HPC_C0000098,5,5,inconsistent nodesets <id> <hex> <ok> <id> <hex> <ok> <id> <hex> <ok> <id> <hex> <ok> <id> <hex> <ok> <id> <hex> <ok> <id> <hex> <ok> <id> <hex> <ok> <id> <hex> <ok> <id> <hex> <ok> <id> <hex> <ok> <id> <hex> <ok> <id> <hex> <ok> <id> <hex> <ok> <id> <hex> <ok> <id> <hex> <ok> <id> <hex> <ok> <id> <hex> <ok> <id> <hex> <ok> <id> <hex> <ok> <id> <hex> <ok> <id> <hex> <ok> <id> <hex> <ok> <id> <hex> <ok> <id> <hex> <ok> <id> <hex> <ok> <id> <hex> <ok> <id> <hex> <ok> <id> <hex> <ok> <id> <hex> <ok>,1,1,frequency_representative
99694,unknown,E69,unknown,55,unknown,1,HPC_C0000099,1,55,unknown,1,1,frequency_representative
101065,inconsistent nodesets node-255 0x1fffffffe <ok> node-226 0x1fffffffc <ok> node-225 0x1fffffffc <ok> node-229 0x1fffffffc <ok> node-240 0x1fffffffc <ok> node-248 0x1fffffffc <ok> node-242 0x1fffffffc <ok> node-227 0x1fffffffc <ok> node-235 0x1fffffffc <ok> node-230 0x1fffffffc <ok> node-236 0x1fffffffc <ok> node-250 0x1fffffffc <ok> node-247 0x1fffffffc <ok> node-252 0x1fffffffc <ok> node-249 0x1fffffffc <ok> node-251 0x1fffffffc <ok> node-253 0x1fffffffc <ok> node-237 0x1fffffffc <ok> node-234 0x1fffffffc <ok> node-238 0x1fffffffc <ok> node-241 0x1fffffffc <ok> node-228 0x1fffffffc <ok> node-232 0x1fffffffc <ok> node-254 0x1fffffffc <ok> node-239 0x1fffffffc <ok> node-231 0x1fffffffc <ok> node-245 0x1fffffffc <ok> node-233 0x1fffffffc <ok>,E36,inconsistent nodesets <*> <*> <ok> <*> <*> <ok>,2,inconsistent nodesets <id> <hex> <ok> <id> <hex> <ok> <id> <hex> <ok> <id> <hex> <ok> <id> <hex> <ok> <id> <hex> <ok> <id> <hex> <ok> <id> <hex> <ok> <id> <hex> <ok> <id> <hex> <ok> <id> <hex> <ok> <id> <hex> <ok> <id> <hex> <ok> <id> <hex> <ok> <id> <hex> <ok> <id> <hex> <ok> <id> <hex> <ok> <id> <hex> <ok> <id> <hex> <ok> <id> <hex> <ok> <id> <hex> <ok> <id> <hex> <ok> <id> <hex> <ok> <id> <hex> <ok> <id> <hex> <ok> <id> <hex> <ok> <id> <hex> <ok> <id> <hex> <ok>,2,HPC_C0000100,2,2,inconsistent nodesets <id> <hex> <ok> <id> <hex> <ok> <id> <hex> <ok> <id> <hex> <ok> <id> <hex> <ok> <id> <hex> <ok> <id> <hex> <ok> <id> <hex> <ok> <id> <hex> <ok> <id> <hex> <ok> <id> <hex> <ok> <id> <hex> <ok> <id> <hex> <ok> <id> <hex> <ok> <id> <hex> <ok> <id> <hex> <ok> <id> <hex> <ok> <id> <hex> <ok> <id> <hex> <ok> <id> <hex> <ok> <id> <hex> <ok> <id> <hex> <ok> <id> <hex> <ok> <id> <hex> <ok> <id> <hex> <ok> <id> <hex> <ok> <id> <hex> <ok> <id> <hex> <ok>,1,1,frequency_representative
111222,inconsistent nodesets node-255 0x1ffffbffe <ok> node-226 0x1fffffffe <ok> node-224 0x1fffffffe <ok> node-254 0x1fffffffe <ok> node-236 0x1fffffffe <ok> node-225 0x1fffffffe <ok> node-235 0x1fffffffe <ok> node-228 0x1fffffffe <ok> node-234 0x1fffffffe <ok> node-237 0x1fffffffe <ok> node-238 0x1fffffffe <ok> node-253 0x1fffffffe <ok> node-248 0x1fffffffe <ok> node-246 0x1fffffffe <ok> node-232 0x1fffffffe <ok> node-249 0x1fffffffe <ok> node-231 0x1fffffffe <ok> node-252 0x1fffffffe <ok> node-233 0x1fffffffe <ok> node-251 0x1fffffffe <ok> node-242 0x1fffffffe <ok> node-227 0x1fffffffe <ok> node-230 0x1fffffffe <ok> node-239 0x1fffffffe <ok> node-243 0x1fffffffe <ok> node-247 0x1fffffffe <ok> node-244 0x1fffffffe <ok> node-241 0x1fffffffe <ok> node-229 0x1fffffffe <ok> node-240 0x1fffffffe <ok> node-250 0x1fffffffe <ok>,E36,inconsistent nodesets <*> <*> <ok> <*> <*> <ok>,5,inconsistent nodesets <id> <hex> <ok> <id> <hex> <ok> <id> <hex> <ok> <id> <hex> <ok> <id> <hex> <ok> <id> <hex> <ok> <id> <hex> <ok> <id> <hex> <ok> <id> <hex> <ok> <id> <hex> <ok> <id> <hex> <ok> <id> <hex> <ok> <id> <hex> <ok> <id> <hex> <ok> <id> <hex> <ok> <id> <hex> <ok> <id> <hex> <ok> <id> <hex> <ok> <id> <hex> <ok> <id> <hex> <ok> <id> <hex> <ok> <id> <hex> <ok> <id> <hex> <ok> <id> <hex> <ok> <id> <hex> <ok> <id> <hex> <ok> <id> <hex> <ok> <id> <hex> <ok> <id> <hex> <ok> <id> <hex> <ok> <id> <hex> <ok>,5,HPC_C0000101,5,5,inconsistent nodesets <id> <hex> <ok> <id> <hex> <ok> <id> <hex> <ok> <id> <hex> <ok> <id> <hex> <ok> <id> <hex> <ok> <id> <hex> <ok> <id> <hex> <ok> <id> <hex> <ok> <id> <hex> <ok> <id> <hex> <ok> <id> <hex> <ok> <id> <hex> <ok> <id> <hex> <ok> <id> <hex> <ok> <id> <hex> <ok> <id> <hex> <ok> <id> <hex> <ok> <id> <hex> <ok> <id> <hex> <ok> <id> <hex> <ok> <id> <hex> <ok> <id> <hex> <ok> <id> <hex> <ok> <id> <hex> <ok> <id> <hex> <ok> <id> <hex> <ok> <id> <hex> <ok> <id> <hex> <ok> <id> <hex> <ok> <id> <hex> <ok>,1,1,frequency_representative
117751,inconsistent nodesets node-255 0x1fffffffe <ok> node-252 0x1fffffffe <ok> node-253 0x1fffffffe <ok> node-254 0x1fffffffe <ok> node-251 0x1fffffffe <ok> node-250 0x1fffffffc <ok> node-224 0x1fffffffe <ok> node-226 0x1fffffffe <ok> node-225 0x1fffffffe <ok> node-241 0x1fffffffe <ok> node-244 0x1fffffffe <ok> node-245 0x1fffffffe <ok> node-228 0x1fffffffe <ok> node-229 0x1fffffffe <ok> node-246 0x1fffffffe <ok> node-243 0x1fffffffe <ok> node-242 0x1fffffffe <ok> node-227 0x1fffffffe <ok> node-235 0x1fffffffe <ok>,E36,inconsistent nodesets <*> <*> <ok> <*> <*> <ok>,2,inconsistent nodesets <id> <hex> <ok> <id> <hex> <ok> <id> <hex> <ok> <id> <hex> <ok> <id> <hex> <ok> <id> <hex> <ok> <id> <hex> <ok> <id> <hex> <ok> <id> <hex> <ok> <id> <hex> <ok> <id> <hex> <ok> <id> <hex> <ok> <id> <hex> <ok> <id> <hex> <ok> <id> <hex> <ok> <id> <hex> <ok> <id> <hex> <ok> <id> <hex> <ok> <id> <hex> <ok>,2,HPC_C0000102,2,2,inconsistent nodesets <id> <hex> <ok> <id> <hex> <ok> <id> <hex> <ok> <id> <hex> <ok> <id> <hex> <ok> <id> <hex> <ok> <id> <hex> <ok> <id> <hex> <ok> <id> <hex> <ok> <id> <hex> <ok> <id> <hex> <ok> <id> <hex> <ok> <id> <hex> <ok> <id> <hex> <ok> <id> <hex> <ok> <id> <hex> <ok> <id> <hex> <ok> <id> <hex> <ok> <id> <hex> <ok>,1,1,frequency_representative
117965,inconsistent nodesets node-223 0x1fffffffe <ok> node-194 0x1fffffffc <ok> node-193 0x1fffffffc <ok> node-202 0x1fffffffc <ok> node-217 0x1fffffffc <ok> node-210 0x1fffffffc <ok> node-207 0x1fffffffc <ok> node-215 0x1fffffffc <ok> node-208 0x1fffffffc <ok> node-212 0x1fffffffc <ok> node-216 0x1fffffffc <ok> node-206 0x1fffffffc <ok> node-213 0x1fffffffc <ok> node-205 0x1fffffffc <ok> node-204 0x1fffffffc <ok> node-201 0x1fffffffc <ok> node-209 0x1fffffffc <ok> node-214 0x1fffffffc <ok>,E36,inconsistent nodesets <*> <*> <ok> <*> <*> <ok>,2,inconsistent nodesets <id> <hex> <ok> <id> <hex> <ok> <id> <hex> <ok> <id> <hex> <ok> <id> <hex> <ok> <id> <hex> <ok> <id> <hex> <ok> <id> <hex> <ok> <id> <hex> <ok> <id> <hex> <ok> <id> <hex> <ok> <id> <hex> <ok> <id> <hex> <ok> <id> <hex> <ok> <id> <hex> <ok> <id> <hex> <ok> <id> <hex> <ok> <id> <hex> <ok>,2,HPC_C0000103,2,2,inconsistent nodesets <id> <hex> <ok> <id> <hex> <ok> <id> <hex> <ok> <id> <hex> <ok> <id> <hex> <ok> <id> <hex> <ok> <id> <hex> <ok> <id> <hex> <ok> <id> <hex> <ok> <id> <hex> <ok> <id> <hex> <ok> <id> <hex> <ok> <id> <hex> <ok> <id> <hex> <ok> <id> <hex> <ok> <id> <hex> <ok> <id> <hex> <ok> <id> <hex> <ok>,1,1,frequency_representative
122413,inconsistent nodesets node-191 0x1fffffffe <ok> node-162 0x1ffffdffc <ok> node-161 0x1ffffdffc <ok> node-185 0x1ffffdffc <ok> node-168 0x1ffffdffc <ok> node-170 0x1ffffdffc <ok> node-173 0x1ffffdffc <ok> node-181 0x1ffffdffc <ok> node-183 0x1ffffdffc <ok> node-169 0x1ffffdffc <ok> node-182 0x1ffffdffc <ok> node-184 0x1ffffdffc <ok> node-163 0x1ffffdffc <ok> node-180 0x1ffffdffc <ok> node-167 0x1ffffdffc <ok> node-177 0x1ffffdffc <ok> node-171 0x1ffffdffc <ok> node-164 0x1ffffdffc <ok> node-176 0x1ffffdffc <ok> node-178 0x1ffffdffc <ok> node-165 0x1ffffdffc <ok> node-175 0x1ffffdffc <ok> node-174 0x1ffffdffc <ok> node-166 0x1ffffdffc <ok>,E36,inconsistent nodesets <*> <*> <ok> <*> <*> <ok>,3,inconsistent nodesets <id> <hex> <ok> <id> <hex> <ok> <id> <hex> <ok> <id> <hex> <ok> <id> <hex> <ok> <id> <hex> <ok> <id> <hex> <ok> <id> <hex> <ok> <id> <hex> <ok> <id> <hex> <ok> <id> <hex> <ok> <id> <hex> <ok> <id> <hex> <ok> <id> <hex> <ok> <id> <hex> <ok> <id> <hex> <ok> <id> <hex> <ok> <id> <hex> <ok> <id> <hex> <ok> <id> <hex> <ok> <id> <hex> <ok> <id> <hex> <ok> <id> <hex> <ok> <id> <hex> <ok>,3,HPC_C0000104,3,3,inconsistent nodesets <id> <hex> <ok> <id> <hex> <ok> <id> <hex> <ok> <id> <hex> <ok> <id> <hex> <ok> <id> <hex> <ok> <id> <hex> <ok> <id> <hex> <ok> <id> <hex> <ok> <id> <hex> <ok> <id> <hex> <ok> <id> <hex> <ok> <id> <hex> <ok> <id> <hex> <ok> <id> <hex> <ok> <id> <hex> <ok> <id> <hex> <ok> <id> <hex> <ok> <id> <hex> <ok> <id> <hex> <ok> <id> <hex> <ok> <id> <hex> <ok> <id> <hex> <ok> <id> <hex> <ok>,1,1,frequency_representative
122532,inconsistent nodesets node-255 0x1fffffffe <ok> node-226 0x1fffffffc <ok> node-225 0x1fffffffc <ok> node-238 0x1fffffffc <ok> node-246 0x1fffffffc <ok> node-230 0x1fffffffc <ok> node-237 0x1fffffffc <ok> node-244 0x1fffffffc <ok> node-252 0x1fffffffc <ok> node-245 0x1fffffffc <ok> node-228 0x1fffffffc <ok> node-249 0x1fffffffc <ok> node-247 0x1fffffffc <ok> node-233 0x1fffffffc <ok> node-236 0x1fffffffc <ok> node-227 0x1fffffffc <ok> node-248 0x1fffffffc <ok> node-229 0x1fffffffc <ok> node-232 0x1fffffffc <ok> node-241 0x1fffffffc <ok> node-234 0x1fffffffc <ok> node-243 0x1fffffffc <ok> node-240 0x1fffffffc <ok> node-235 0x1fffffffc <ok> node-239 0x1fffffffc <ok> node-242 0x1fffffffc <ok> node-231 0x1fffffffc <ok>,E36,inconsistent nodesets <*> <*> <ok> <*> <*> <ok>,1,inconsistent nodesets <id> <hex> <ok> <id> <hex> <ok> <id> <hex> <ok> <id> <hex> <ok> <id> <hex> <ok> <id> <hex> <ok> <id> <hex> <ok> <id> <hex> <ok> <id> <hex> <ok> <id> <hex> <ok> <id> <hex> <ok> <id> <hex> <ok> <id> <hex> <ok> <id> <hex> <ok> <id> <hex> <ok> <id> <hex> <ok> <id> <hex> <ok> <id> <hex> <ok> <id> <hex> <ok> <id> <hex> <ok> <id> <hex> <ok> <id> <hex> <ok> <id> <hex> <ok> <id> <hex> <ok> <id> <hex> <ok> <id> <hex> <ok> <id> <hex> <ok>,1,HPC_C0000105,1,1,inconsistent nodesets <id> <hex> <ok> <id> <hex> <ok> <id> <hex> <ok> <id> <hex> <ok> <id> <hex> <ok> <id> <hex> <ok> <id> <hex> <ok> <id> <hex> <ok> <id> <hex> <ok> <id> <hex> <ok> <id> <hex> <ok> <id> <hex> <ok> <id> <hex> <ok> <id> <hex> <ok> <id> <hex> <ok> <id> <hex> <ok> <id> <hex> <ok> <id> <hex> <ok> <id> <hex> <ok> <id> <hex> <ok> <id> <hex> <ok> <id> <hex> <ok> <id> <hex> <ok> <id> <hex> <ok> <id> <hex> <ok> <id> <hex> <ok> <id> <hex> <ok>,1,1,frequency_representative
131257,inconsistent nodesets node-0 0x1ffe69dfe <ok> node-21 0x1fffffffe <ok> node-10 0x1fffffffe <ok> node-1 0x1fffffffe <ok> node-28 0x1fffffffe <ok> node-23 0x1fffffffe <ok> node-6 0x1fffffffe <ok> node-17 0x1fffffffe <ok> node-22 0x1fffffffe <ok> node-30 0x1fffffffe <ok> node-9 0x1fffffffe <ok> node-3 0x1fffffffe <ok> node-2 0x1fffffffe <ok> node-31 0x1fffffffe <ok> node-14 0x1fffffffe <ok> node-24 0x1fffffffe <ok> node-20 0x1fffffffe <ok> node-5 0x1fffffffe <ok> node-11 0x1fffffffe <ok> node-29 0x1fffffffe <ok> node-26 0x1fffffffe <ok> node-7 0x1fffffffe <ok> node-4 0x1fffffffe <ok> node-16 0x1fffffffe <ok> node-27 0x1fffffffe <ok> node-25 0x1fffffffe <ok>,E36,inconsistent nodesets <*> <*> <ok> <*> <*> <ok>,1,inconsistent nodesets <id> <hex> <ok> <id> <hex> <ok> <id> <hex> <ok> <id> <hex> <ok> <id> <hex> <ok> <id> <hex> <ok> <id> <hex> <ok> <id> <hex> <ok> <id> <hex> <ok> <id> <hex> <ok> <id> <hex> <ok> <id> <hex> <ok> <id> <hex> <ok> <id> <hex> <ok> <id> <hex> <ok> <id> <hex> <ok> <id> <hex> <ok> <id> <hex> <ok> <id> <hex> <ok> <id> <hex> <ok> <id> <hex> <ok> <id> <hex> <ok> <id> <hex> <ok> <id> <hex> <ok> <id> <hex> <ok> <id> <hex> <ok>,1,HPC_C0000106,1,1,inconsistent nodesets <id> <hex> <ok> <id> <hex> <ok> <id> <hex> <ok> <id> <hex> <ok> <id> <hex> <ok> <id> <hex> <ok> <id> <hex> <ok> <id> <hex> <ok> <id> <hex> <ok> <id> <hex> <ok> <id> <hex> <ok> <id> <hex> <ok> <id> <hex> <ok> <id> <hex> <ok> <id> <hex> <ok> <id> <hex> <ok> <id> <hex> <ok> <id> <hex> <ok> <id> <hex> <ok> <id> <hex> <ok> <id> <hex> <ok> <id> <hex> <ok> <id> <hex> <ok> <id> <hex> <ok> <id> <hex> <ok> <id> <hex> <ok>,1,1,frequency_representative
143750,warning,E67,warning,49741,warning,1,HPC_C0000107,1,49741,warning,1,1,frequency_representative
143751,critical,E65,critical,4629,critical,1,HPC_C0000108,1,4629,critical,1,1,frequency_representative
143753,normal,E74,normal,45818,normal,1,HPC_C0000109,1,45818,normal,1,1,frequency_representative
143927,ambient=28,E66,ambient=<*>,54739,ambient= <num>,18,HPC_C0000110,18,54739,ambient = <num>,1,1,frequency_representative
385235,boot (command 3211) Error: Unknown We failed to determine the state of this node,E9,boot (command <*>) Error: Unknown We failed to determine the state of this node,94,boot (command <num> ) error: unknown we failed to determine the state of this node,37,HPC_C0000111,37,94,boot (command <num>) error: unknown we failed to determine the state of this node,1,1,frequency_representative
300919,Command Failed on: node-235\ node-236,E50,Command Failed on: <*>,11,command failed on: <id> \ <id>,11,HPC_C0000112,11,11,command failed on: <id> \ <id>,1,1,frequency_representative
300920,Command Failed on: node-238\ node-236\ node-241\ node-240\ node-242\ node-235\ node-239,E50,Command Failed on: <*>,1,command failed on: <id> \ <id> \ <id> \ <id> \ <id> \ <id> \ <id>,1,HPC_C0000113,1,1,command failed on: <id> \ <id> \ <id> \ <id> \ <id> \ <id> \ <id>,1,1,frequency_representative
300921,halt (command 1887) Error: timeout waiting for SRM prompt,E25,halt (command <*>) Error: timeout waiting for SRM prompt,9,halt (command <num> ) error: timeout waiting for srm prompt,3,HPC_C0000114,3,9,halt (command <num>) error: timeout waiting for srm prompt,1,1,frequency_representative
301566,boot (command 1880) Error: Console-Busy Port already in use,E23,boot (command <*>) Error: Console-Busy Port already in use,11,boot (command <num> ) error: console-busy port already in use,10,HPC_C0000115,10,11,boot (command <num>) error: console-busy port already in use,1,1,frequency_representative
304745,Linkerror event interval expired,E34,Linkerror event interval expired,84894,linkerror event interval expired,1,HPC_C0000116,1,84894,linkerror event interval expired,1,1,frequency_representative
305124,clusterAddMember (command 1900) Error: cluster_add_member failed unexpectedly\ check /cluster/admin/cluster_add_member.log: <ABORT code errored: kill: 601373: no such process>,E1,clusterAddMember (command <*>) Error: cluster_add_member failed unexpectedly\ check <*>: <ABORT code errored: kill: <*>: no such process>,1,clusteraddmember (command <num> ) error: cluster_add_member failed unexpectedly\ check <path> <abort code errored: kill: <num> : no such process>,1,HPC_C0000117,1,1,clusteraddmember (command <num>) error: cluster_add_member failed unexpectedly \ check <path> < abort code errored: kill: <num>: no such process >,1,1,frequency_representative
305173,risBoot (command 1903) Error: Timed out while waiting for SRM prompt: <ABORT code completed>,E5,risBoot (command <*>) Error: Timed out while waiting for SRM prompt: <ABORT code completed>,5,risboot (command <num> ) error: timed out while waiting for srm prompt: <abort code completed>,2,HPC_C0000118,2,5,risboot (command <num>) error: timed out while waiting for srm prompt: < abort code completed >,1,1,frequency_representative
305258,risBoot (command 1900) Error: failed to RIS boot: <ABORT code completed>,E13,risBoot (command <*>) Error: failed to RIS boot: <ABORT code completed>,3,risboot (command <num> ) error: failed to ris boot: <abort code completed>,3,HPC_C0000119,3,3,risboot (command <num>) error: failed to ris boot: < abort code completed >,1,1,frequency_representative
305449,bootGenvmunix (command 1903) Error: Timeout waiting for system to come up: <ABORT code completed>,E3,bootGenvmunix (command <*>) Error: Timeout waiting for system to come up: <ABORT code completed>,3,bootgenvmunix (command <num> ) error: timeout waiting for system to come up: <abort code completed>,3,HPC_C0000120,3,3,bootgenvmunix (command <num>) error: timeout waiting for system to come up: < abort code completed >,1,1,frequency_representative
306289,Command Failed on: node-5\ node-18\ node-11\ node-1,E50,Command Failed on: <*>,1,command failed on: <id> \ <id> \ <id> \ <id>,1,HPC_C0000121,1,1,command failed on: <id> \ <id> \ <id> \ <id>,1,1,frequency_representative
306744,member_delete (command 1908) Error: node-108 is NOT a member of cluster node-D3,E20,member_delete (command <*>) Error: <*> is NOT a member of cluster <*>,2,member_delete (command <num> ) error: <id> is not a member of cluster <id>,2,HPC_C0000122,2,2,member_delete (command <num>) error: <id> is not a member of cluster <id>,1,1,frequency_representative
307495,bootGenvmunix (command 1918) Error: node returned to srm while booting: <ABORT code completed>,E4,bootGenvmunix (command <*>) Error: node returned to srm while booting: <ABORT code completed>,1,bootgenvmunix (command <num> ) error: node returned to srm while booting: <abort code completed>,1,HPC_C0000123,1,1,bootgenvmunix (command <num>) error: node returned to srm while booting: < abort code completed >,1,1,frequency_representative
318487,Failed subcommands 1990\ 1993,E48,Failed subcommands <*>,20,failed subcommands <num> \ <num>,20,HPC_C0000124,20,20,failed subcommands <num> \ <num>,1,1,frequency_representative
322319,Command Failed on: node-44\ node-47\ node-46\ node-42\ node-41\ node-43\ node-45\ node-53\ node-52\ node-48\ node-50\ node-51\ node-49\ node-59\ node-55\ node-57\ node-58\ node-60\ node-56,E50,Command Failed on: <*>,1,command failed on: <id> \ <id> \ <id> \ <id> \ <id> \ <id> \ <id> \ <id> \ <id> \ <id> \ <id> \ <id> \ <id> \ <id> \ <id> \ <id> \ <id> \ <id> \ <id>,1,HPC_C0000125,1,1,command failed on: <id> \ <id> \ <id> \ <id> \ <id> \ <id> \ <id> \ <id> \ <id> \ <id> \ <id> \ <id> \ <id> \ <id> \ <id> \ <id> \ <id> \ <id> \ <id>,1,1,frequency_representative
330172,boot (command 2201) Error: HALT asserted\ cannot continue,E24,boot (command <*>) Error: HALT asserted\ cannot continue,167,boot (command <num> ) error: halt asserted\ cannot continue,23,HPC_C0000126,23,167,boot (command <num>) error: halt asserted \ cannot continue,1,1,frequency_representative
322466,Command Failed on: node-58\ node-41\ node-42\ node-43\ node-36\ node-44\ node-45\ node-46\ node-47\ node-48\ node-49\ node-50\ node-51\ node-52\ node-53\ node-55\ node-56\ node-57\ node-59\ node-61\ node-60\ node-54\ node-40\ node-39\ node-38\ node-37\ node-35\ node-34\ node-33\ node-63\ node-62,E50,Command Failed on: <*>,2,command failed on: <id> \ <id> \ <id> \ <id> \ <id> \ <id> \ <id> \ <id> \ <id> \ <id> \ <id> \ <id> \ <id> \ <id> \ <id> \ <id> \ <id> \ <id> \ <id> \ <id> \ <id> \ <id> \ <id> \ <id> \ <id> \ <id> \ <id> \ <id> \ <id> \ <id> \ <id>,2,HPC_C0000127,2,2,command failed on: <id> \ <id> \ <id> \ <id> \ <id> \ <id> \ <id> \ <id> \ <id> \ <id> \ <id> \ <id> \ <id> \ <id> \ <id> \ <id> \ <id> \ <id> \ <id> \ <id> \ <id> \ <id> \ <id> \ <id> \ <id> \ <id> \ <id> \ <id> \ <id> \ <id> \ <id>,1,1,frequency_representative
322596,boot (command 2092) Error: timeout waiting for Loading LMF licenses,E17,boot (command <*>) Error: timeout waiting for Loading LMF licenses,23,boot (command <num> ) error: timeout waiting for loading lmf licenses,4,HPC_C0000128,4,23,boot (command <num>) error: timeout waiting for loading lmf licenses,1,1,frequency_representative
323991,boot (command 2146) Error: timeout while booting.,E31,boot (command <*>) Error: timeout while booting.,3,boot (command <num> ) error: timeout while booting.,3,HPC_C0000129,3,3,boot (command <num>) error: timeout while booting.,1,1,frequency_representative
340060,boot (command 2341) Error: node went to SRM while trying to boot,E19,boot (command <*>) Error: node went to SRM while trying to boot,25,boot (command <num> ) error: node went to srm while trying to boot,22,HPC_C0000130,22,25,boot (command <num>) error: node went to srm while trying to boot,1,1,frequency_representative
324287,haltcluster (command 2129) Error: timeout waiting for SRM prompts,E18,haltcluster (command <*>) Error: timeout waiting for SRM prompts,8,haltcluster (command <num> ) error: timeout waiting for srm prompts,8,HPC_C0000131,8,8,haltcluster (command <num>) error: timeout waiting for srm prompts,1,1,frequency_representative
324573,Command Cancelled - cluster would lose quorum,E30,Command Cancelled - cluster would lose quorum,1,command cancelled - cluster would lose quorum,1,HPC_C0000132,1,1,command cancelled-cluster would lose quorum,1,1,frequency_representative
379569,halt (command 2990) Error: Couldn\047t Connect to console (state = REFUSED),E56,halt (command <*>),98,halt (command <num> ) error: couldn\047t connect to console (state = refused),8,HPC_C0000133,8,98,halt (command <num>) error: couldn \ 047 t connect to console (state = refused),1,1,frequency_representative
326441,clusterAddMember (command 2162) Error: Cannot run clusterAddMember\ because node-235 connection state is REFUSED and needs to be SRM,E2,clusterAddMember (command <*>) Error: Cannot run clusterAddMember\ because <*> connection state is REFUSED and needs to be SRM,3,clusteraddmember (command <num> ) error: cannot run clusteraddmember\ because <id> connection state is refused and needs to be srm,3,HPC_C0000134,3,3,clusteraddmember (command <num>) error: cannot run clusteraddmember \ because <id> connection state is refused and needs to be srm,1,1,frequency_representative
330171,Command Failed on: node-249\ node-231\ node-232\ node-229\ node-230\ node-233\ node-228\ node-227\ node-234\ node-237\ node-235\ node-239\ node-238\ node-236\ node-240\ node-241\ node-242\ node-243\ node-244\ node-245\ node-246\ node-247\ node-248\ node-250\ node-251\ node-253\ node-254\ node-252\ node-255,E50,Command Failed on: <*>,1,command failed on: <id> \ <id> \ <id> \ <id> \ <id> \ <id> \ <id> \ <id> \ <id> \ <id> \ <id> \ <id> \ <id> \ <id> \ <id> \ <id> \ <id> \ <id> \ <id> \ <id> \ <id> \ <id> \ <id> \ <id> \ <id> \ <id> \ <id> \ <id> \ <id>,1,HPC_C0000135,1,1,command failed on: <id> \ <id> \ <id> \ <id> \ <id> \ <id> \ <id> \ <id> \ <id> \ <id> \ <id> \ <id> \ <id> \ <id> \ <id> \ <id> \ <id> \ <id> \ <id> \ <id> \ <id> \ <id> \ <id> \ <id> \ <id> \ <id> \ <id> \ <id> \ <id>,1,1,frequency_representative
334813,boot (command 2266) Error: node went to SRM while booting,E27,boot (command <*>) Error: node went to SRM while booting,7,boot (command <num> ) error: node went to srm while booting,7,HPC_C0000136,7,7,boot (command <num>) error: node went to srm while booting,1,1,frequency_representative
340373,Failed subcommands 2333\ 2336\ 2339\ 2355,E48,Failed subcommands <*>,2,failed subcommands <num> \ <num> \ <num> \ <num>,2,HPC_C0000137,2,2,failed subcommands <num> \ <num> \ <num> \ <num>,1,1,frequency_representative
370112,haltcluster (command 2811) Error: haltcluster: bad spawn id,E21,haltcluster (command <*>) Error: haltcluster: bad spawn id,6,haltcluster (command <num> ) error: haltcluster: bad spawn id,6,HPC_C0000138,6,6,haltcluster (command <num>) error: haltcluster: bad spawn id,1,1,frequency_representative
377388,member_delete (command 2921) Error: node is up according to cluster_get_info,E7,member_delete (command <*>) Error: node is up according to cluster_get_info,1,member_delete (command <num> ) error: node is up according to cluster_get_info,1,HPC_C0000139,1,1,member_delete (command <num>) error: node is up according to cluster_get_info,1,1,frequency_representative
378870,Command Failed on: node-56\ node-52\ node-53\ node-55\ node-58,E50,Command Failed on: <*>,1,command failed on: <id> \ <id> \ <id> \ <id> \ <id>,1,HPC_C0000140,1,1,command failed on: <id> \ <id> \ <id> \ <id> \ <id>,1,1,frequency_representative
379502,Failed subcommands 2988\ 2989\ 2990\ 2991\ 2992\ 2994\ 2995,E48,Failed subcommands <*>,1,failed subcommands <num> \ <num> \ <num> \ <num> \ <num> \ <num> \ <num>,1,HPC_C0000141,1,1,failed subcommands <num> \ <num> \ <num> \ <num> \ <num> \ <num> \ <num>,1,1,frequency_representative
379504,Command Failed on: node-1\ node-2\ node-3\ node-4\ node-5\ node-6\ node-7\ node-14\ node-8\ node-10\ node-11\ node-13\ node-12\ node-9\ node-15\ node-16\ node-17\ node-18\ node-20\ node-23\ node-21\ node-19\ node-22\ node-25\ node-24\ node-26\ node-28\ node-27\ node-29\ node-30\ node-31\ node-0,E50,Command Failed on: <*>,9,command failed on: <id> \ <id> \ <id> \ <id> \ <id> \ <id> \ <id> \ <id> \ <id> \ <id> \ <id> \ <id> \ <id> \ <id> \ <id> \ <id> \ <id> \ <id> \ <id> \ <id> \ <id> \ <id> \ <id> \ <id> \ <id> \ <id> \ <id> \ <id> \ <id> \ <id> \ <id> \ <id>,9,HPC_C0000142,9,9,command failed on: <id> \ <id> \ <id> \ <id> \ <id> \ <id> \ <id> \ <id> \ <id> \ <id> \ <id> \ <id> \ <id> \ <id> \ <id> \ <id> \ <id> \ <id> \ <id> \ <id> \ <id> \ <id> \ <id> \ <id> \ <id> \ <id> \ <id> \ <id> \ <id> \ <id> \ <id> \ <id>,1,1,frequency_representative
385234,Command Failed on: node-11\ node-13\ node-9\ node-10\ node-14\ node-25\ node-15\ node-12\ node-20\ node-16\ node-18\ node-21\ node-17\ node-19\ node-22\ node-23\ node-26\ node-27\ node-24\ node-28\ node-29\ node-30\ node-31\ node-8,E50,Command Failed on: <*>,1,command failed on: <id> \ <id> \ <id> \ <id> \ <id> \ <id> \ <id> \ <id> \ <id> \ <id> \ <id> \ <id> \ <id> \ <id> \ <id> \ <id> \ <id> \ <id> \ <id> \ <id> \ <id> \ <id> \ <id> \ <id>,1,HPC_C0000143,1,1,command failed on: <id> \ <id> \ <id> \ <id> \ <id> \ <id> \ <id> \ <id> \ <id> \ <id> \ <id> \ <id> \ <id> \ <id> \ <id> \ <id> \ <id> \ <id> \ <id> \ <id> \ <id> \ <id> \ <id> \ <id>,1,1,frequency_representative
388649,Failed subcommands 3549\ 3550\ 3551\ 3552\ 3553\ 3554\ 3555\ 3556,E48,Failed subcommands <*>,1,failed subcommands <num> \ <num> \ <num> \ <num> \ <num> \ <num> \ <num> \ <num>,1,HPC_C0000144,1,1,failed subcommands <num> \ <num> \ <num> \ <num> \ <num> \ <num> \ <num> \ <num>,1,1,frequency_representative
390265,link errors remain current,E40,link errors remain current,13645,link errors remain current,1,HPC_C0000145,1,13645,link errors remain current,1,1,frequency_representative
390387,boot (command 3607) Error: System could not find kernel,E28,boot (command <*>) Error: System could not find kernel,3,boot (command <num> ) error: system could not find kernel,2,HPC_C0000146,2,3,boot (command <num>) error: system could not find kernel,1,1,frequency_representative
391066,wait (command 3845) Error: Unknown We failed to determine the state of this node,E8,wait (command <*>) Error: Unknown We failed to determine the state of this node,1,wait (command <num> ) error: unknown we failed to determine the state of this node,1,HPC_C0000147,1,1,wait (command <num>) error: unknown we failed to determine the state of this node,1,1,frequency_representative
391067,boot (command 3833) Error: CMF-Port This node\047s port is not connected,E15,boot (command <*>) Error: CMF-Port This node\047s port is not connected,1,boot (command <num> ) error: cmf-port this node\047s port is not connected,1,HPC_C0000148,1,1,boot (command <num>) error: cmf-port this node \ 047 s port is not connected,1,1,frequency_representative
395548,wait (command 3964) Error: Console-Busy Port already in use,E22,wait (command <*>) Error: Console-Busy Port already in use,1,wait (command <num> ) error: console-busy port already in use,1,HPC_C0000149,1,1,wait (command <num>) error: console-busy port already in use,1,1,frequency_representative
411157,NIFF: node node-29 has detected an available network connection on network 5.5.224.0 via interface alt0,E6,NIFF: node <*> has detected an available network connection on network <*> via interface <*>,11745,niff: node <id> has detected an available network connection on network <ip> via interface alt0,766,HPC_C0000150,1275,23121,niff: node <id> has detected an available network connection on network <ip> via interface <*> 0,3,1,frequency_representative
409622,NIFF: node node-241 has detected an available network connection on network 10.96.0.0 via interface scip0,E6,NIFF: node <*> has detected an available network connection on network <*> via interface <*>,722,niff: node <id> has detected an available network connection on network <ip> via interface scip0,255,HPC_C0000150,1275,23121,niff: node <id> has detected an available network connection on network <ip> via interface <*> 0,3,2,complex_sample
404465,NIFF: node node-29 has detected an available network connection on network 10.128.0.0 via interface ee0,E6,NIFF: node <*> has detected an available network connection on network <*> via interface <*>,10654,niff: node <id> has detected an available network connection on network <ip> via interface ee0,254,HPC_C0000150,1275,23121,niff: node <id> has detected an available network connection on network <ip> via interface <*> 0,3,3,diverse_sample
427125,Component State Change: Component \042alt0\042 is in the available state (HWID=41),E16,Component State Change: Component <*> is in the available state (HWID=<*>),2494,component state change: component \042alt0\ <num> is in the available state (hwid= <num> ),194,HPC_C0000151,195,2510,component state change: component \ 042 <*> 0 \ <num> is in the available state (hwid = <num>),2,1,frequency_representative
427289,Component State Change: Component \042ee0\042 is in the available state (HWID=23),E16,Component State Change: Component <*> is in the available state (HWID=<*>),16,component state change: component \042ee0\ <num> is in the available state (hwid= <num> ),1,HPC_C0000151,195,2510,component state change: component \ 042 <*> 0 \ <num> is in the available state (hwid = <num>),2,2,complex_sample
427489,Component State Change: Component \042SCSI-WWID:01000010:6005-08b4-0001-0166-0001-9000-00bc-0000\042 is in the available state (HWID=5938),E16,Component State Change: Component <*> is in the available state (HWID=<*>),357,component state change: component \ <id> \ <num> is in the available state (hwid= <num> ),94,HPC_C0000152,94,357,component state change: component \ <id> \ <num> is in the available state (hwid = <num>),1,1,frequency_representative
429961,Component State Change: Component 042alt0042 is in the available state (HWID=61),E16,Component State Change: Component <*> is in the available state (HWID=<*>),2,component state change: component <id> is in the available state (hwid= <num> ),1,HPC_C0000153,1,2,component state change: component <id> is in the available state (hwid = <num>),1,1,frequency_representative
